{"IcoMoonType":"selection","icons":[{"icon":{"paths":["M669.143 172l-303.429 303.429 303.429 303.429c14.286 14.286 14.286 37.143 0 51.429l-94.857 94.857c-14.286 14.286-37.143 14.286-51.429 0l-424-424c-14.286-14.286-14.286-37.143 0-51.429l424-424c14.286-14.286 37.143-14.286 51.429 0l94.857 94.857c14.286 14.286 14.286 37.143 0 51.429z"],"width":768,"attrs":[],"isMulticolor":false,"isMulticolor2":false,"tags":["chevron-left"],"defaultCode":61523,"grid":14},"attrs":[],"properties":{"name":"chevron-left","id":0,"order":3,"prevSize":28,"code":61523},"setIdx":0,"setId":1,"iconIdx":0},{"icon":{"paths":["M632.571 501.143l-424 424c-14.286 14.286-37.143 14.286-51.429 0l-94.857-94.857c-14.286-14.286-14.286-37.143 0-51.429l303.429-303.429-303.429-303.429c-14.286-14.286-14.286-37.143 0-51.429l94.857-94.857c14.286-14.286 37.143-14.286 51.429 0l424 424c14.286 14.286 14.286 37.143 0 51.429z"],"width":694.8571428571428,"attrs":[],"isMulticolor":false,"isMulticolor2":false,"tags":["chevron-right"],"defaultCode":61524,"grid":14},"attrs":[],"properties":{"name":"chevron-right","id":1,"order":2,"prevSize":28,"code":61524},"setIdx":0,"setId":1,"iconIdx":1},{"icon":{"paths":["M658.286 475.429c0-141.143-114.857-256-256-256s-256 114.857-256 256 114.857 256 256 256 256-114.857 256-256zM950.857 950.857c0 40-33.143 73.143-73.143 73.143-19.429 0-38.286-8-51.429-21.714l-196-195.429c-66.857 46.286-146.857 70.857-228 70.857-222.286 0-402.286-180-402.286-402.286s180-402.286 402.286-402.286 402.286 180 402.286 402.286c0 81.143-24.571 161.143-70.857 228l196 196c13.143 13.143 21.143 32 21.143 51.429z"],"width":950.8571428571428,"attrs":[],"isMulticolor":false,"isMulticolor2":false,"tags":["search"],"defaultCode":61442,"grid":14},"attrs":[],"properties":{"name":"search","id":2,"order":3,"prevSize":28,"code":61442},"setIdx":0,"setId":1,"iconIdx":2},{"icon":{"paths":["M877.714 512c0 241.714-197.143 438.857-438.857 438.857s-438.857-197.143-438.857-438.857c0-138.857 64-266.857 175.429-350.286 32.571-24.571 78.286-18.286 102.286 14.286 24.571 32 17.714 78.286-14.286 102.286-74.286 56-117.143 141.143-117.143 233.714 0 161.143 131.429 292.571 292.571 292.571s292.571-131.429 292.571-292.571c0-92.571-42.857-177.714-117.143-233.714-32-24-38.857-70.286-14.286-102.286 24-32.571 70.286-38.857 102.286-14.286 111.429 83.429 175.429 211.429 175.429 350.286zM512 73.143v365.714c0 40-33.143 73.143-73.143 73.143s-73.143-33.143-73.143-73.143v-365.714c0-40 33.143-73.143 73.143-73.143s73.143 33.143 73.143 73.143z"],"width":877.7142857142857,"attrs":[],"isMulticolor":false,"isMulticolor2":false,"tags":["power-off"],"defaultCode":61457,"grid":14},"attrs":[],"properties":{"name":"power-off","id":20,"order":4,"prevSize":28,"code":61457},"setIdx":1,"setId":0,"iconIdx":20}],"height":1024,"metadata":{"name":"icomoon"},"preferences":{"showGlyphs":true,"showCodes":true,"showQuickUse":true,"showQuickUse2":true,"showSVGs":true,"fontPref":{"prefix":"icon-","metadata":{"fontFamily":"icomoon"},"metrics":{"emSize":1024,"baseline":6.25,"whitespace":50},"embed":false},"imagePref":{"prefix":"icon-","png":true,"useClassSelector":true,"color":0,"bgColor":16777215},"historySize":50}}